Category,ItemID
Electronics,Ele-001
Electronics,Ele-002
Electronics,Ele-003
Electronics,Ele-004
Electronics,Ele-005
Electronics,Ele-006
Electronics,Ele-007
Electronics,Ele-008
Electronics,Ele-009
Electronics,Ele-010
Electronics,Ele-011
Electronics,Ele-012
Electronics,Ele-013
Electronics,Ele-014
Electronics,Ele-015
Electronics,Ele-016
Electronics,Ele-017
Electronics,Ele-018
Electronics,Ele-019
Electronics,Ele-020
Electronics,Ele-021
Electronics,Ele-022
Electronics,Ele-023
Electronics,Ele-024
Electronics,Ele-025
Electronics,Ele-026
Electronics,Ele-027
Electronics,Ele-028
Electronics,Ele-029
Electronics,Ele-030
Electronics,Ele-031
Electronics,Ele-032
Electronics,Ele-033
Electronics,Ele-034
Electronics,Ele-035
Electronics,Ele-036
Electronics,Ele-037
Electronics,Ele-038
Electronics,Ele-039
Electronics,Ele-040
Electronics,Ele-041
Electronics,Ele-042
Electronics,Ele-043
Electronics,Ele-044
Electronics,Ele-045
Clothing,Clo-001
Clothing,Clo-002
Clothing,Clo-003
Clothing,Clo-004
Clothing,Clo-005
Clothing,Clo-006
Clothing,Clo-007
Clothing,Clo-008
Clothing,Clo-009
Clothing,Clo-010
Clothing,Clo-011
Clothing,Clo-012
Clothing,Clo-013
Clothing,Clo-014
Clothing,Clo-015
Clothing,Clo-016
Clothing,Clo-017
Clothing,Clo-018
Clothing,Clo-019
Clothing,Clo-020
Clothing,Clo-021
Clothing,Clo-022
Clothing,Clo-023
Clothing,Clo-024
Clothing,Clo-025
Clothing,Clo-026
Clothing,Clo-027
Clothing,Clo-028
Clothing,Clo-029
Clothing,Clo-030
Clothing,Clo-031
Clothing,Clo-032
Clothing,Clo-033
Clothing,Clo-034
Clothing,Clo-035
Clothing,Clo-036
Clothing,Clo-037
Clothing,Clo-038
Food,Foo-001
Food,Foo-002
Food,Foo-003
Food,Foo-004
Food,Foo-005
Food,Foo-006
Food,Foo-007
Food,Foo-008
Food,Foo-009
Food,Foo-010
Food,Foo-011
Food,Foo-012
Food,Foo-013
Food,Foo-014
Food,Foo-015
Food,Foo-016
Food,Foo-017
Food,Foo-018
Food,Foo-019
Food,Foo-020
Food,Foo-021
Food,Foo-022
Food,Foo-023
Food,Foo-024
Food,Foo-025
Food,Foo-026
Food,Foo-027
Food,Foo-028
Food,Foo-029
Food,Foo-030
Food,Foo-031
Food,Foo-032
Books,Boo-001
Books,Boo-002
Books,Boo-003
Books,Boo-004
Books,Boo-005
Books,Boo-006
Books,Boo-007
Books,Boo-008
Books,Boo-009
Books,Boo-010
Books,Boo-011
Books,Boo-012
Books,Boo-013
Books,Boo-014
Books,Boo-015
Books,Boo-016
Books,Boo-017
Books,Boo-018
Books,Boo-019
Books,Boo-020
Books,Boo-021
Books,Boo-022
Books,Boo-023
Books,Boo-024
Books,Boo-025
Sports,Spo-001
Sports,Spo-002
Sports,Spo-003
Sports,Spo-004
Sports,Spo-005
Sports,Spo-006
Sports,Spo-007
Sports,Spo-008
Sports,Spo-009
Sports,Spo-010
Sports,Spo-011
Sports,Spo-012
Sports,Spo-013
Sports,Spo-014
Sports,Spo-015
Sports,Spo-016
Sports,Spo-017
Sports,Spo-018
Sports,Spo-019
Sports,Spo-020
Home,Hom-001
Home,Hom-002
Home,Hom-003
Home,Hom-004
Home,Hom-005
Home,Hom-006
Home,Hom-007
Home,Hom-008
Home,Hom-009
Home,Hom-010
Home,Hom-011
Home,Hom-012
Home,Hom-013
Home,Hom-014
Home,Hom-015
Home,Hom-016
Home,Hom-017
Home,Hom-018
Beauty,Bea-001
Beauty,Bea-002
Beauty,Bea-003
Beauty,Bea-004
Beauty,Bea-005
Beauty,Bea-006
Beauty,Bea-007
Beauty,Bea-008
Beauty,Bea-009
Beauty,Bea-010
Beauty,Bea-011
Beauty,Bea-012
Beauty,Bea-013
Beauty,Bea-014
Beauty,Bea-015
Toys,Toy-001
Toys,Toy-002
Toys,Toy-003
Toys,Toy-004
Toys,Toy-005
Toys,Toy-006
Toys,Toy-007
Toys,Toy-008
Toys,Toy-009
Toys,Toy-010
Toys,Toy-011
Toys,Toy-012
